PackageName,Version,DependencyType,License,Category
"@aws-sdk/client-bedrock-runtime","3.716.0","Production","Apache-2.0","Core App"
"@univerjs/preset-sheets-core","1.0.2","Production","Apache-2.0","Core App"
"@univerjs/presets","1.0.2","Production","Apache-2.0","Core App"
"clsx","2.1.1","Production","MIT","Core App"
"hyperformula","3.4.0","Production","GPL-3.0-only","Core App"
"lucide-react","0.469.0","Production","ISC","Core App"
"next","14.2.23","Production","MIT","Core App"
"react","18.3.1","Production","MIT","Core App"
"react-dom","18.3.1","Production","MIT","Core App"
"recharts","2.15.0","Production","MIT","Core App"
"tailwind-merge","2.6.0","Production","MIT","Core App"
"@types/node","20.17.10","Development","MIT","Dev Tooling"
"@types/react","18.3.18","Development","MIT","Dev Tooling"
"@types/react-dom","18.3.5","Development","MIT","Dev Tooling"
"autoprefixer","10.4.20","Development","MIT","Dev Tooling"
"postcss","8.4.49","Development","MIT","Dev Tooling"
"tailwindcss","3.4.17","Development","MIT","Dev Tooling"
"typescript","5.7.2","Development","Apache-2.0","Dev Tooling"
"@alloc/quick-lru","5.3.0","Transitive","MIT","Runtime Library"
"@aws-sdk/core","3.978.1","Transitive","Apache-2.0","Runtime Library"
"@aws-sdk/credential-provider-env","3.972.72","Transitive","Apache-2.0","Runtime Library"
"@aws-sdk/credential-provider-http","3.972.74","Transitive","Apache-2.0","Runtime Library"
"@aws-sdk/credential-provider-ini","3.973.17","Transitive","Apache-2.0","Runtime Library"
"@aws-sdk/credential-provider-login","3.972.79","Transitive","Apache-2.0","Runtime Library"
"@aws-sdk/credential-provider-node","3.972.84","Transitive","Apache-2.0","Runtime Library"
"@aws-sdk/credential-provider-process","3.972.72","Transitive","Apache-2.0","Runtime Library"
"@aws-sdk/credential-provider-sso","3.973.16","Transitive","Apache-2.0","Runtime Library"
"@aws-sdk/credential-provider-sso/node_modules/@aws-sdk/token-providers","3.1138.0","Transitive","Apache-2.0","Runtime Library"
"@aws-sdk/credential-provider-web-identity","3.972.78","Transitive","Apache-2.0","Runtime Library"
"@aws-sdk/eventstream-handler-node","3.972.35","Transitive","Apache-2.0","Runtime Library"
"@aws-sdk/middleware-eventstream","3.972.30","Transitive","Apache-2.0","Runtime Library"
"@aws-sdk/middleware-websocket","3.972.54","Transitive","Apache-2.0","Runtime Library"
"@aws-sdk/nested-clients","3.997.46","Transitive","Apache-2.0","Runtime Library"
"@aws-sdk/signature-v4-multi-region","3.996.47","Transitive","Apache-2.0","Runtime Library"
"@aws-sdk/token-providers","3.1141.0","Transitive","Apache-2.0","Runtime Library"
"@aws-sdk/types","3.974.6","Transitive","Apache-2.0","Runtime Library"
"@aws-sdk/xml-builder","3.972.41","Transitive","Apache-2.0","Runtime Library"
"@aws/lambda-invoke-store","0.3.0","Transitive","Apache-2.0","Runtime Library"
"@babel/runtime","7.29.7","Transitive","MIT","Runtime Library"
"@flatten-js/interval-tree","1.1.3","Transitive","MIT","Runtime Library"
"@floating-ui/core","1.8.0","Transitive","MIT","Runtime Library"
"@floating-ui/dom","1.8.0","Transitive","MIT","Runtime Library"
"@floating-ui/react-dom","2.1.9","Transitive","MIT","Runtime Library"
"@floating-ui/utils","0.2.12","Transitive","MIT","Runtime Library"
"@grpc/grpc-js","1.14.5","Transitive","Apache-2.0","Runtime Library"
"@grpc/proto-loader","0.8.1","Transitive","Apache-2.0","Runtime Library"
"@jridgewell/gen-mapping","0.3.13","Transitive","MIT","Runtime Library"
"@jridgewell/resolve-uri","3.1.2","Transitive","MIT","Runtime Library"
"@jridgewell/sourcemap-codec","1.6.0","Transitive","MIT","Runtime Library"
"@jridgewell/trace-mapping","0.3.31","Transitive","MIT","Runtime Library"
"@js-sdsl/ordered-map","4.4.2","Transitive","MIT","Runtime Library"
"@next/env","14.2.35","Transitive","MIT","Runtime Library"
"@next/swc-darwin-arm64","14.2.33","Transitive","MIT","Runtime Library"
"@next/swc-darwin-x64","14.2.33","Transitive","MIT","Runtime Library"
"@next/swc-linux-arm64-gnu","14.2.33","Transitive","MIT","Runtime Library"
"@next/swc-linux-arm64-musl","14.2.33","Transitive","MIT","Runtime Library"
"@next/swc-linux-x64-gnu","14.2.33","Transitive","MIT","Runtime Library"
"@next/swc-linux-x64-musl","14.2.33","Transitive","MIT","Runtime Library"
"@next/swc-win32-arm64-msvc","14.2.33","Transitive","MIT","Runtime Library"
"@next/swc-win32-ia32-msvc","14.2.33","Transitive","MIT","Runtime Library"
"@next/swc-win32-x64-msvc","14.2.33","Transitive","MIT","Runtime Library"
"@nodelib/fs.scandir","2.1.5","Transitive","MIT","Runtime Library"
"@nodelib/fs.stat","2.0.5","Transitive","MIT","Runtime Library"
"@nodelib/fs.walk","1.2.8","Transitive","MIT","Runtime Library"
"@protobufjs/aspromise","1.1.2","Transitive","BSD-3-Clause","Runtime Library"
"@protobufjs/base64","1.1.2","Transitive","BSD-3-Clause","Runtime Library"
"@protobufjs/codegen","2.0.5","Transitive","BSD-3-Clause","Runtime Library"
"@protobufjs/eventemitter","1.1.1","Transitive","BSD-3-Clause","Runtime Library"
"@protobufjs/fetch","1.1.1","Transitive","BSD-3-Clause","Runtime Library"
"@protobufjs/float","1.0.2","Transitive","BSD-3-Clause","Runtime Library"
"@protobufjs/path","1.1.2","Transitive","BSD-3-Clause","Runtime Library"
"@protobufjs/pool","1.1.0","Transitive","BSD-3-Clause","Runtime Library"
"@protobufjs/utf8","1.1.2","Transitive","BSD-3-Clause","Runtime Library"
"@radix-ui/primitive","1.1.7","Transitive","MIT","Runtime Library"
"@radix-ui/react-arrow","1.1.15","Transitive","MIT","Runtime Library"
"@radix-ui/react-collection","1.1.15","Transitive","MIT","Runtime Library"
"@radix-ui/react-compose-refs","1.1.5","Transitive","MIT","Runtime Library"
"@radix-ui/react-context","1.2.2","Transitive","MIT","Runtime Library"
